artist_id,name,type,release_date
"1","Antroposen 001","album","2021-12-14"
"1","Işıkları Söndürseler Bile","album","2014-04-14"
"1","e-akustik","album","2012-03-20"
"1","Şehr-i Hüzün","album","2009-11-09"
"1","maNga +","album","2004-01-27"
"1","Kime Anlatsam","album","2024-09-27"
"1","Dünyanın Sonuna Doğmuşum (4 Haziran 2023 Harbiye Açıkhava)","album","2024-07-24"
"1","Yüzleşme (Kargo: Yarına Kalan Şarkılar)","album","2024-03-01"
"1","Antroposen 002","album","2023-12-14"
"1","Uzun İnce Bir Yoldayım","album","2023-10-25"
"1","maNga 2 Nisan 2022 İstanbul Konseri (Antroposen 001 Canlı)","album","2023-01-02"
"1","Burçlar (Original Soundtrack)","album","2022-09-16"
"1","Kırıla Kırıla","album","2021-08-13"
"1","Olimpiyat Ateşi","album","2021-08-02"
"1","#BİZEHERYERSTAT","album","2021-06-10"
"1","Zor","album","2020-05-20"
"1","Süper Güçlerimiz Var","album","2019-05-03"
"1","X","album","2018-04-20"
"1","Kendi Yolundan Şaşma","album","2015-10-30"
"1","Yine Yeni Yeniden (Yeniden Sev)","album","2015-04-02"
"2","But Here We Are","album","2023-06-02"
"2","Dee Gees / Hail Satin - Foo Fighters / Live","album","2021-07-19"
"2","Medicine At Midnight","album","2021-02-05"
"2","Medicine At Midnight (Track Commentary)","album","2021-02-03"
"2","Concrete and Gold","album","2017-09-15"
"2","Sonic Highways","album","2014-11-09"
"2","Wasting Light","album","2011-04-12"
"2","Echoes, Silence, Patience & Grace","album","2007-09-25"
"2","Skin And Bones (Live)","album","2006-11-07"
"2","In Your Honor","album","2005-06-14"
"2","One By One (Expanded Edition)","album","2002-10-22"
"2","There Is Nothing Left To Lose","album","1999-11-02"
"2","The Colour And The Shape","album","1997-05-20"
"2","Foo Fighters","album","1995-07-04"
"2","The Glass","album","2023-11-17"
"2","The Teacher","album","2023-05-30"
"2","Show Me How","album","2023-05-25"
"2","Under You","album","2023-05-17"
"2","Rescued","album","2023-04-19"
"2","Chasing Birds (Preservation Hall Jazz Band Re-Version)","album","2021-10-08"
"3","The Car","album","2022-10-21"
"3","Live at the Royal Albert Hall","album","2020-12-04"
"3","Tranquility Base Hotel & Casino","album","2018-05-10"
"3","AM","album","2013-09-09"
"3","Suck It and See","album","2011-06-06"
"3","Humbug","album","2009-08-20"
"3","Favourite Worst Nightmare","album","2007-04-22"
"3","Whatever People Say I Am, That's What I'm Not","album","2006-01-29"
"3","I Ain't Quite Where I Think I Am","album","2022-10-18"
"3","Body Paint","album","2022-09-29"
"3","There’d Better Be A Mirrorball","album","2022-08-30"
"3","Arabella (Live At The Royal Albert Hall)","album","2020-12-02"
"3","505 (Live At The Royal Albert Hall)","album","2020-11-19"
"3","Tranquility Base Hotel & Casino","album","2018-05-02"
"3","Spotify Singles","album","2018-05-01"
"3","One For The Road","album","2013-12-09"
"3","Why'd You Only Call Me When You're High?","album","2013-09-02"
"3","Do I Wanna Know?","album","2013-07-18"
"3","R U Mine? / Electricity","album","2012-04-23"
"3","Black Treacle","album","2012-01-23"
"4","Sirenler","album","2022-01-21"
"4","Harbiye Açıkhava (Canlı Senfonik)","album","2020-12-25"
"4","Canlı Senfonik - Aya İrini","album","2019-02-08"
"4","Kayıtlar 2005-2016","album","2016-12-20"
"4","Diğer Kayıtlar","album","2016-12-20"
"4","Güneşi Beklerken","album","2012-12-17"
"4","Masumiyetin Ziyan Olmaz","album","2010-05-06"
"4","Başıbozuk","album","2008-11-24"
"4","Büyük Düşler","album","2006-05-05"
"4","Dünya Yalan Söylüyor","album","2004-04-16"
"4","Gül Kendine","album","2001-01-01"
"4","Bırak Zaman Aksın","album","1998-05-11"
"4","Şehir","album","1997-11-12"
"4","Boğaziçi (Kargo: Yarına Kalan Şarkılar)","album","2024-01-19"
"4","Yaz Yaz Yaz","album","2023-07-28"
"4","Tamiri Mümkün Kalbinin (Canlı)","album","2023-01-06"
"4","Dünyaya Bedel","album","2021-12-24"
"4","Forsa","album","2021-12-10"
"4","Bir Derdim Var (Canlı Senfonik)","album","2018-12-28"
"4","Bd9r","album","2018-09-20"
"5","Hayat","album","2008-02-29"
"5","Sakin Yayımlanmayanlar","album","2024-03-06"
"5","Rolling Stone Promosyon","album","2008-01-18"
"5","Magik One Mixed By DJ Tiësto (First Flight)","album","1997-01-01"
"5","Magik One (First Flight)","album","1997-01-01"
"5","Club Trance Energy, the Master Edition 2012 (25 Trance Classic Masters and Future Anthems)","album","2012-07-20"
"6","Levlâ'nın Hikâyesi","album","2013-12-04"
"6","Levla'nın Hikayesi (Bonus Edition)","album","2013-01-01"
"6","Diğer Masallar","album","2011-02-16"
"6","Mey","album","2016-03-14"
"6","Bir Pazar Kahvaltısı","album","2014-11-24"
"6","Dağılmak İstiyorum","album","2012-08-08"
"6","Perili Sirk","album","2010-09-20"
"6","130 Bpm Quartet","album","2014-01-01"
"6","25 Düet","album","2013-01-01"
"6","130 BPM Moderato","album","2014-07-14"
"6","Pop Yaz 2013","album","2013-07-03"
"6","130 BPM (DJ Eyüp Remixes)","album","2014-01-01"
"6","Cabochards","album","2009-02-16"
"6","Baba Şarkılar, Vol.2","album","2013-01-21"
"6","13 Düet","album","2013-03-01"
"6","West End International Music Search 2003-2004 Top 10","album","2007-02-06"
"6","Hit 2015","album","2015-03-31"
"6","Pop Yaz 2015","album","2015-07-21"
"6","From the Ground Up","album","2020-01-25"
"7","Darmaduman","album","2013-09-12"
"7","Canlı","album","2011-07-03"
"7","Duman 2","album","2010-07-06"
"7","Duman 1","album","2010-07-06"
"7","Rock'n Coke Konseri (Live)","album","2008-12-01"
"7","En Güzel Günüm Gecem 1999-2006","album","2007-12-10"
"7","Seni Kendime Sakladım","album","2005-07-04"
"7","Konser (Live)","album","2003-10-01"
"7","Belki Alışman Lazım","album","2002-10-16"
"7","Eski Köprünün Altında","album","1999-11-05"
"7","Kamikaze","album","2024-10-11"
"7","İçimde Aşk Var","album","2024-08-20"
"7","Kufi","album","2024-06-24"
"7","Orhan Gencebay ile Bir Ömür, Vol.1","album","2012-01-01"
"7","Göğe Selam, Vol. 2","album","2014-01-01"
"7","Karanlikta","album","2006-01-01"
"7","Aşkın Kırık Düşleri: Hüzünlü Türkçe Pop","album","2024-05-22"
"7","Orhan Gencebay Şarkıları, Vol. 7","album","2013-11-27"
"7","Türkçe Akustik","album","2024-03-14"
"7","Bosphorus Thrash: Turkish Skate Mix","album","2024-04-19"
"8","Flyleaf (Deluxe Edition)","album","2022-11-04"
"8","Between The Stars (Special Edition)","album","2014-09-16"
"8","Between The Stars","album","2014-09-16"
"8","New Horizons","album","2012-01-01"
"8","Remember To Live","album","2010-01-01"
"8","Memento Mori (Expanded)","album","2009-01-01"
"8","Memento Mori","album","2009-01-01"
"8","Flyleaf","album","2005-01-01"
"8","Who We Are","album","2013-01-01"
"8","Flyleaf","album","2007-01-01"
"8","Nightmare Revisited","album","2008-01-01"
"8","The Jack 2 Pack (The Nightmare Before Christmas)","album","2006-01-01"
"8","Gym Pump","album","2019-10-25"
"8","Female Rockers","album","2020-05-08"
"8","Poppunk","album","2022-01-07"
"8","Gym Rock","album","2019-11-01"
"8","Acoustic Live & Rare 2010","album","2010-12-09"
"8","Underworld: Evolution (Original Score)","album","2006-01-01"
"8","00s Mixtape Vol. 1","album","2019-08-23"
"8","Mellow Rock","album","2019-07-19"
"9","The Miracle (Collector's Edition)","album","2022-11-18"
"9","Live Around The World (Deluxe)","album","2020-10-02"
"9","Bohemian Rhapsody (The Original Soundtrack)","album","2018-10-19"
"9","On Air","album","2016-11-04"
"9","A Night At The Odeon","album","2015-11-13"
"9","Live At The Rainbow (Deluxe)","album","2014-01-01"
"9","Live At The Rainbow","album","2014-01-01"
"9","Hungarian Rhapsody (Live In Budapest / 1986)","album","2012-01-01"
"9","The Cosmos Rocks","album","2008-01-01"
"9","Queen Rock Montreal","album","2007-10-09"
"9","Return Of The Champions","album","2005-01-01"
"9","On Fire: Live At The Bowl","album","2004-11-04"
"9","Made In Heaven (Deluxe Edition 2011 Remaster)","album","1995-11-06"
"9","Made In Heaven (2011 Remaster)","album","1995-11-06"
"9","Live At Wembley Stadium","album","1992-05-26"
"9","Innuendo (Deluxe Edition 2011 Remaster)","album","1991-02-05"
"9","Innuendo (2011 Remaster)","album","1991-02-05"
"9","The Miracle (2011 Remaster)","album","1989-05-22"
"9","A Kind Of Magic (Deluxe Edition 2011 Remaster)","album","1986-06-02"
"9","A Kind Of Magic (2011 Remaster)","album","1986-06-02"
"10","Use Your Illusion II (Deluxe Edition)","album","2022-11-11"
"10","Use Your Illusion I (Deluxe Edition)","album","2022-11-11"
"10","Use Your Illusion (Super Deluxe)","album","2022-11-11"
"10","Chinese Democracy","album","2008-11-23"
"10","The Spaghetti Incident?","album","1993-11-23"
"10","Use Your Illusion II","album","1991-09-18"
"10","Use Your Illusion I","album","1991-09-17"
"10","G N' R Lies","album","1988-11-29"
"10","Appetite For Destruction (Super Deluxe Edition)","album","1987-07-21"
"10","Appetite For Destruction","album","1987-07-21"
"10","The General","album","2023-12-08"
"10","Perhaps","album","2023-08-18"
"10","Hard Skool","album","2021-09-24"
"10","ABSUЯD","album","2021-08-06"
"10","Move To The City (1988 Acoustic Version)","album","2018-06-22"
"10","Welcome To The Jungle (1986 Sound City Session)","album","2018-06-08"
"10","Shadow Of Your Love","album","2018-05-04"
"10","Greatest Hits","album","2020-08-28"
"10","Live Era '87-'93","album","1999-11-23"
"10","Can't Hardly Wait","album","1998-05-26"
"11","Divisive","album","2023-11-17"
"11","Evolution (Deluxe Edition)","album","2018-10-19"
"11","Evolution","album","2018-10-18"
"11","Disturbed - Live at Red Rocks","album","2016-11-18"
"11","Immortalized (Deluxe Edition)","album","2015-08-14"
"11","Immortalized","album","2015-08-14"
"11","The Lost Children","album","2011-01-01"
"11","Asylum (Deluxe Edition)","album","2010-08-20"
"11","Asylum","album","2010-08-20"
"11","The Sickness (10th Anniversary Edition)","album","2010-03-22"
"11","Indestructible (Deluxe Edition)","album","2008-04-29"
"11","Ten Thousand Fists","album","2005-09-19"
"11","Music as a Weapon II","album","2004-02-24"
"11","Believe","album","2002-09-16"
"11","The Sickness (20th Anniversary Edition)","album","2000-03-07"
"11","The Sickness","album","2000-03-07"
"11","The Sound of Silence (CYRIL Remix)","album","2024-02-02"
"11","Don't Tell Me (feat. Ann Wilson) [PLZ Tethered Version]","album","2024-01-26"
"11","Bad Man (Kordhell Remix)","album","2023-02-24"
"11","Dead Inside","album","2021-10-15"
"12","Who’s Next : Life House (Super Deluxe)","album","2023-09-15"
"12","The Who With Orchestra: Live At Wembley","album","2023-03-31"
"12","Live 1970","album","2021-10-19"
"12","The Who Sell Out (Super Deluxe)","album","2021-04-23"
"12","WHO (Deluxe & Live At Kingston)","album","2020-10-30"
"12","Live In Amsterdam","album","2020-07-28"
"12","WHO (Deluxe)","album","2019-12-06"
"12","Tommy Live At The Royal Albert Hall","album","2017-09-15"
"12","Live In Hyde Park","album","2015-11-20"
"12","Quadrophenia - Live In London","album","2014-01-01"
"12","Live At Hull","album","2012-11-19"
"12","Endless Wire","album","2006-10-30"
"12","Join Together (Live U.S. Tour/1989)","album","1990-01-01"
"12","Who's Last","album","1984-01-01"
"12","It's Hard","album","1982-09-04"
"12","Live At Shea Stadium 1982","album","1982-01-01"
"12","Face Dances","album","1981-03-16"
"12","Quadrophenia (Original Motion Picture Soundtrack)","album","1979-10-05"
"12","The Kids Are Alright","album","1979-06-08"
"12","Who Are You","album","1978-08-18"
"13","Absolution XX Anniversary","album","2023-11-17"
"13","Will Of The People","album","2022-08-26"
"13","Simulation Theory (Super Deluxe)","album","2018-11-09"
"13","Drones","album","2015-06-04"
"13","Live at Rome Olympic Stadium","album","2013-11-25"
"13","The 2nd Law","album","2012-09-24"
"13","The Resistance","album","2009-09-10"
"13","HAARP (Live from Wembley Stadium)","album","2007-12-03"
"13","Black Holes and Revelations","album","2006-06-19"
"13","Absolution","album","2003-09-15"
"13","Hullabaloo Soundtrack (Eastwest Release)","album","2002-01-01"
"13","Origin of Symmetry (XX Anniversary RemiXX)","album","2001-06-18"
"13","Origin of Symmetry","album","2001-01-01"
"13","Showbiz","album","1999-01-01"
"13","1685 (feat. Muse)","album","2024-10-04"
"13","Euphoria (Solomun Remix)","album","2023-05-19"
"13","Compliance (Purple Disco Machine Remix)","album","2023-04-21"
"13","Kill Or Be Killed (Felsmann + Tiley Reinterpretation)","album","2023-02-10"
"13","Ghosts (How Can I Move On) [feat. Mylène Farmer]","album","2022-12-08"
"13","Ghosts (How Can I Move On) [feat. Elisa]","album","2022-11-25"
"14","POWER UP","album","2020-11-13"
"14","Rock or Bust","album","2014-11-28"
"14","Live at River Plate","album","2012-11-19"
"14","Black Ice","album","2008-10-20"
"14","Stiff Upper Lip","album","2000-02-25"
"14","Ballbreaker","album","1995-09-22"
"14","Live (Collector's Edition)","album","1992-10-27"
"14","Live","album","1992-10-27"
"14","The Razors Edge","album","1990-09-24"
"14","Blow Up Your Video","album","1988-02-01"
"14","Who Made Who","album","1986-05-24"
"14","Fly On the Wall","album","1985-06-28"
"14","Flick of the Switch","album","1983-08-15"
"14","For Those About to Rock (We Salute You)","album","1981-11-23"
"14","Back In Black","album","1980-07-25"
"14","Highway to Hell","album","1979-07-27"
"14","If You Want Blood You've Got It (Live)","album","1978-10-13"
"14","Powerage","album","1978-05-05"
"14","Let There Be Rock","album","1977-03-21"
"14","Dirty Deeds Done Dirt Cheap","album","1976-09-20"
"15","72 Seasons","album","2023-04-14"
"15","Metallica (Remastered Deluxe Box Set)","album","2021-09-10"
"15","Metallica (Remastered 2021)","album","2021-09-10"
"15","S&M2","album","2020-08-28"
"15","Helping Hands…Live & Acoustic At The Masonic","album","2019-02-01"
"15","Hardwired…To Self-Destruct (Deluxe)","album","2016-11-18"
"15","Hardwired…To Self-Destruct","album","2016-11-18"
"15","Metallica Through The Never (Music From The Motion Picture)","album","2013-01-01"
"15","Lulu","album","2011-01-01"
"15","Death Magnetic","album","2008-01-01"
"15","Some Kind Of Monster","album","2004-07-13"
"15","St. Anger","album","2003-01-01"
"15","S&M","album","1999-01-01"
"15","Garage Inc.","album","1998-01-01"
"15","Reload","album","1997-01-01"
"15","Load","album","1996-01-01"
"15","Live Sh*t: Binge & Purge (Live In Mexico City)","album","1993-01-01"
"15","…And Justice for All (Remastered)","album","1988-08-25"
"15","…And Justice for All (Remastered Deluxe Box Set)","album","1988-08-25"
"15","Master Of Puppets (Remastered)","album","1986-03-03"
"16","Yessingles","album","2023-10-06"
"16","Mirror To The Sky","album","2023-05-19"
"16","The Quest","album","2021-10-01"
"16","From A Page","album","2021-04-16"
"16","The Royal Affair Tour (Live in Las Vegas)","album","2020-10-30"
"16","Live At Glastonbury Festival 2003","album","2020-02-14"
"16","Yes 50 Live","album","2019-08-02"
"16","Fly From Here: Return Trip","album","2018-03-25"
"16","Topographic Drama: Live Across America","album","2017-11-24"
"16","Live at University Of Georgia, Athens, Georgia, November 14, 1972","album","2015-05-25"
"16","Live at Ottawa Civic Centre, Ottawa, Ontario, Canada, November 1, 1972","album","2015-05-25"
"16","Live at Nassau Veterans Memorial Coliseum, Uniondale, New York, November 20, 1972","album","2015-05-25"
"16","Live at Maple Leaf Gardens, Toronto, Ontario, Canada, October 31, 1972","album","2015-05-25"
"16","Live at Knoxville Civic Coliseum, Knoxville, Tennessee","album","2015-05-25"
"16","Live at Greensboro Coliseum, Greensboro, North Carolina, November 12, 1972","album","2015-05-25"
"16","Live at Duke University, Durham, North Carolina, November 11, 1972","album","2015-05-25"
"16","The Word Is Live","album","2005-05-29"
"16","Songs From Tsongas: Yes 35th Anniversary Concert (Live)","album","2004-01-01"
"16","Symphonic Live","album","2002-05-28"
"16","Magnification","album","2001-09-10"
"17","Fear Inoculum","album","2019-08-30"
"17","10,000 Days","album","2006-04-28"
"17","Lateralus","album","2001-05-15"
"17","Ænima","album","1996-09-17"
"17","Undertow","album","1993-04-06"
"17","Opiate²","album","2022-03-01"
"17","Opiate","album","1992-03-10"
"18","Starboy (Deluxe)","album","2023-03-14"
"18","Live At SoFi Stadium","album","2023-03-03"
"18","Dawn FM (Alternate World)","album","2022-01-07"
"18","Dawn FM","album","2022-01-06"
"18","After Hours (Deluxe)","album","2020-03-20"
"18","After Hours","album","2020-03-20"
"18","My Dear Melancholy,","album","2018-03-30"
"18","Starboy","album","2016-11-25"
"18","Beauty Behind The Madness","album","2015-08-28"
"18","Kiss Land (Deluxe)","album","2013-09-10"
"18","Kiss Land","album","2013-09-10"
"18","Trilogy","album","2012-11-13"
"18","Echoes Of Silence (Original)","album","2011-12-21"
"18","Thursday (Original)","album","2011-08-18"
"18","House Of Balloons (Original)","album","2011-03-21"
"18","São Paulo","album","2024-10-31"
"18","Timeless","album","2024-09-27"
"18","Dancing In The Flames (Live from São Paulo)","album","2024-09-13"
"18","Dancing In The Flames","album","2024-09-13"
"18","Popular","album","2024-01-26"
"19","Fortitude","album","2021-04-30"
"19","Magma","album","2016-06-17"
"19","Les Enfants Sauvages","album","2012-06-26"
"19","L'Enfant Sauvage (Special Edition)","album","2012-06-26"
"19","L'Enfant Sauvage","album","2012-06-26"
"19","The way of all flesh","album","2008-10-13"
"19","From Mars to Sirius","album","2005-09-07"
"19","The Link Alive","album","2004-04-16"
"19","The link","album","2003-04-18"
"19","Terra Incognita","album","2001-03-19"
"19","Mea Culpa (Ah! Ça ira!)","album","2024-08-30"
"19","Our Time Is Now","album","2022-10-14"
"19","The Chant","album","2021-04-25"
"19","Into The Storm","album","2021-04-12"
"19","Amazonia","album","2021-03-26"
"19","Born For One Thing","album","2021-02-17"
"19","Another World","album","2020-08-05"
"19","Silvera","album","2016-05-20"
"19","Stranded","album","2016-04-22"
"19","L'Enfant Sauvage","album","2012-06-26"
"20","Parmak İzi","album","2018-04-12"
"20","Od","album","2013-05-13"
"20","Kelimeler Yetse","album","2013-02-14"
"20","Kadın","album","2013-02-14"
"20","Benim Adım Orman","album","2009-12-19"
"20","10 Mart 2007 İstanbul Konseri","album","2007-09-07"
"20","Can Kırıkları","album","2005-01-01"
"20","Perdeler","album","2001-01-01"
"20","Artık Kısa Cümleler Kuruyorum","album","1999-01-01"
"20","Aşktan Nasıl Gidilir (2020 Model: Murathan Mungan)","album","2020-02-07"
"20","130 Bpm Quartet","album","2014-01-01"
"20","17","album","2000-04-28"
"20","Hayat Kaçık Bir Uykudur","album","2012-05-01"
"20","12 Düet","album","2011-01-31"
"20","25 Düet","album","2013-01-01"
"20","Akustik","album","2017-03-03"
"20","Best of Müzeyyen Senar + Bir Ömre Bedel","album","2013-01-01"
"20","Sana Bunları Hiç Bilmediğin Bir Yerden Yazıyorum","album","2014-10-28"
"20","Best Of Teoman","album","2004-05-24"
"20","Güldünya","album","2008-11-13"
"21","Ölüm Dansı","album","2023-08-04"
"21","DKTT","album","2021-03-19"
"21","Karanlık","album","2019-04-05"
"21","Akustik Takılmacalar","album","2018-09-21"
"21","Akustikhane Sessions","album","2018-05-11"
"21","Dünyanın En İyi Albümü","album","2017-11-03"
"21","Polonya'nın Başı Belada","album","2015-12-16"
"21","Yan Yana","album","2024-09-27"
"21","Ölene Dek","album","2024-04-26"
"21","Dilerim Ki","album","2024-01-12"
"21","DKTT Versions","album","2023-11-03"
"21","Olabilirdik","album","2023-06-23"
"21","Ölüm Dansı: Kısım 1","album","2023-04-07"
"21","Bayılırız Deliliğe","album","2022-11-25"
"21","Sana Bu Kadar Uzakken","album","2022-09-23"
"21","Bir Bildiğin Vardır","album","2022-06-24"
"21","#27","album","2022-05-06"
"21","Hiç İyi Değilim","album","2022-03-11"
"21","Yüksek","album","2021-12-10"
"21","Öylece Durdun","album","2021-10-08"
"22","In Utero (30th Anniversary Super Deluxe)","album","2023-10-27"
"22","Live And Loud","album","2019-07-26"
"22","Live At The Paramount","album","2019-04-12"
"22","Live at Reading","album","2009-01-01"
"22","From The Muddy Banks Of The Wishkah (Live)","album","1996-10-01"
"22","MTV Unplugged In New York (25th Anniversary)","album","1994-11-01"
"22","MTV Unplugged In New York","album","1994-11-01"
"22","In Utero (Super Deluxe Edition)","album","1993-09-21"
"22","In Utero (Deluxe Edition)","album","1993-09-21"
"22","In Utero","album","1993-09-21"
"22","Incesticide","album","1992-12-14"
"22","Nevermind (Super Deluxe Edition)","album","1991-09-26"
"22","Nevermind (Remastered)","album","1991-09-26"
"22","Nevermind (Deluxe Edition)","album","1991-09-26"
"22","Nevermind (30th Anniversary Super Deluxe)","album","1991-09-24"
"22","Bleach (Deluxe Edition)","album","1989-06-15"
"22","Bleach","album","1989-06-01"
"22","In Utero 30th Live","album","2023-09-29"
"22","Smells Like Teen Spirit / In Bloom / On A Plain / Lithium / Breed","album","2021-11-10"
"22","In Bloom / On A Plain / Lithium / Breed","album","2021-11-05"
"23","Life Is But a Dream…","album","2023-06-02"
"23","Live in the LBC","album","2020-03-06"
"23","Diamonds in the Rough","album","2020-02-07"
"23","The Stage (Deluxe Edition)","album","2017-12-22"
"23","The Stage","album","2016-10-28"
"23","Hail to the King: Deathbat (Original Video Game Soundtrack)","album","2015-01-27"
"23","Waking The Fallen: Resurrected","album","2014-08-25"
"23","Hail to the King","album","2013-08-23"
"23","Nightmare","album","2010-07-23"
"23","Avenged Sevenfold","album","2007-10-26"
"23","City of Evil","album","2005-06-06"
"23","Waking The Fallen","album","2003-08-26"
"23","Sounding The Seventh Trumpet","album","2002-03-19"
"23","We Love You Moar (feat. Pussy Riot)","album","2023-10-06"
"23","We Love You","album","2023-05-12"
"23","Nobody","album","2023-03-14"
"23","Set Me Free","album","2020-01-17"
"23","Black Reign","album","2018-09-21"
"23","Mad Hatter","album","2018-09-17"
"23","Live At The GRAMMY Museum®","album","2017-12-08"
"24","Ohio Players (Trophy Edition)","album","2024-11-15"
"24","Ohio Players","album","2024-04-05"
"24","Dropout Boogie","album","2022-05-13"
"24","Delta Kream","album","2021-05-14"
"24","Brothers (Deluxe Remastered Anniversary Edition)","album","2020-12-18"
"24","""Let's Rock""","album","2019-06-28"
"24","Turn Blue","album","2014-05-09"
"24","El Camino","album","2011-12-06"
"24","El Camino (2021 Remaster)","album","2011-01-01"
"24","Attack & Release","album","2008-04-01"
"24","Magic Potion","album","2006-09-12"
"24","Chulahoma","album","2006-05-02"
"24","Rubber Factory","album","2004-01-01"
"24","Thickfreakness","album","2003-04-08"
"24","The Big Come Up","album","2002-05-14"
"24","I'm With The Band (feat. Beck)","album","2024-11-01"
"24","Stay In Your Grave (feat. Alice Cooper)","album","2024-10-25"
"24","Mi Tormenta (feat. DannyLux)","album","2024-10-04"
"24","Gold on the Ceiling (BBC Session)","album","2021-10-15"
"24","Going Down South","album","2021-05-03"
"25","Kuantum 51","album","2024-06-14"
"25","10","album","2017-06-15"
"25","Ahde Vefa","album","2016-03-11"
"25","Adımı Kalbine Yaz","album","2010-07-12"
"25","Metamorfoz Remixes","album","2008-07-28"
"25","Metamorfoz","album","2007-12-17"
"25","Come Closer","album","2006-04-06"
"25","Bounce","album","2005-08-28"
"25","Dudu","album","2003-06-20"
"25","Hüp (Remix)","album","2001-12-07"
"25","Kuzu Kuzu","album","2001-01-25"
"25","Karma","album","2001-01-01"
"25","Ölürüm Sana","album","1997-01-01"
"25","Aacayipsin","album","1994-01-01"
"25","Yine Sensiz","album","1993-06-21"
"25","Kuantum 51 Remixes (Vol.2)","album","2024-08-29"
"25","Kuantum 51 Remixes (Vol.1)","album","2024-07-26"
"25","Sen Rahat Uyu","album","2023-10-24"
"25","Hep Birlikte Milli Takım","album","2023-08-23"
"25","Son Durak","album","2022-11-18"
"26","Manlac Blues 9, Volume 1 (Demo 1965 - 1966)","album","2020-01-01"
"26","Golden Rollers","album","2018-04-06"
"26","7'den Sonsuza Barış Manço Set","album","2014-02-01"
"26","2023","album","2003-12-12"
"26","Mançoloji, Vol. 1","album","1999-02-23"
"26","Mançoloji 2","album","1999-02-23"
"26","Live In Japan","album","1996-07-02"
"26","Müsaadenizle Çocuklar","album","1995-02-13"
"26","Değmesin Yağlı Boya","album","1993-12-01"
"26","24 Ayar","album","1993-12-01"
"26","Sarı Çizmeli Mehmet Ağa","album","1993-01-01"
"26","Mega Manço","album","1992-05-28"
"26","Sözüm Meclisten Dışarı","album","1991-12-03"
"26","Darısı Başınıza","album","1990-06-25"
"26","Hal Hal","album","1989-12-22"
"26","Sahibinden İhtiyaçtan","album","1989-12-07"
"26","Dağlar Dağlar / Barış Manço Klasikleri","album","1987-01-01"
"26","Estağfurullah Ne Haddimize","album","1983-05-05"
"26","20. San'at Yılı Disco Manço","album","1980-01-01"
"26","Baris Mancho","album","1976-03-14"
"27","The Complete BBC Sessions (Remastered)","album","2016-09-16"
"27","Celebration Day","album","2012-11-19"
"27","Mothership (Remastered)","album","2007-01-01"
"27","How the West Was Won (Remaster)","album","2003-05-27"
"27","Coda (Remaster)","album","1982-11-19"
"27","Coda (Deluxe Edition)","album","1982-11-19"
"27","In Through the out Door (Remaster)","album","1979-08-15"
"27","In Through the out Door (Deluxe Edition)","album","1979-08-15"
"27","The Song Remains the Same (Remaster)","album","1976-10-22"
"27","Presence (Remaster)","album","1976-03-31"
"27","Presence (Deluxe Edition)","album","1976-03-31"
"27","Physical Graffiti (Remaster)","album","1975-02-24"
"27","Physical Graffiti (Deluxe Edition)","album","1975-02-24"
"27","Houses of the Holy (Remaster)","album","1973-03-28"
"27","Houses of the Holy (Deluxe Edition)","album","1973-03-28"
"27","Led Zeppelin IV (Remaster)","album","1971-11-08"
"27","Led Zeppelin IV (Deluxe Edition)","album","1971-11-08"
"27","Led Zeppelin III (Deluxe Edition)","album","1970-10-05"
"27","Led Zeppelin III (Remaster)","album","1970-01-01"
"27","Led Zeppelin II (Remaster)","album","1969-10-22"
"28","Radical Optimism (Extended Versions)","album","2024-06-28"
"28","Radical Optimism","album","2024-05-03"
"28","Future Nostalgia (The Moonlight Edition)","album","2021-02-11"
"28","Club Future Nostalgia (DJ Mix)","album","2020-08-28"
"28","Future Nostalgia","album","2020-03-27"
"28","Dua Lipa (Complete Edition)","album","2018-10-19"
"28","Dua Lipa (Deluxe)","album","2017-06-02"
"28","These Walls (feat. Pierre de Maere)","album","2024-11-08"
"28","Illusion (Creepy Nuts Remix)","album","2024-07-26"
"28","Think I'm In Love With You (With Dua Lipa) (Live From The 59th ACM Awards)","album","2024-05-01"
"28","Illusion (Remixes)","album","2024-04-11"
"28","Illusion","album","2024-04-11"
"28","Training Season (Remixes)","album","2024-02-15"
"28","Training Season","album","2024-02-15"
"28","Training Season (Extended; Instrumental)","album","2024-02-13"
"28","Houdini (Danny L Harle Slowride Mix)","album","2024-01-19"
"28","Houdini (Adam Port Mix)","album","2023-12-22"
"28","Houdini (Remixes)","album","2023-11-09"
"28","Houdini","album","2023-11-09"
"28","Dance The Night (From Barbie The Album)","album","2023-05-25"
"29","The Death of Slim Shady (Coup De Grâce): Expanded Mourner’s Edition","album","2024-09-13"
"29","The Death of Slim Shady (Coup De Grâce)","album","2024-07-12"
"29","The Marshall Mathers LP2 (Expanded Edition)","album","2023-11-03"
"29","Curtain Call 2","album","2022-08-05"
"29","The Eminem Show (Expanded Edition)","album","2022-05-26"
"29","Music To Be Murdered By - Side B (Deluxe Edition)","album","2020-12-18"
"29","Music To Be Murdered By","album","2020-01-17"
"29","Kamikaze","album","2018-08-31"
"29","Revival","album","2017-12-15"
"29","The Marshall Mathers LP2 (Deluxe)","album","2013-11-05"
"29","Recovery (Deluxe Edition)","album","2010-06-21"
"29","Recovery","album","2010-06-18"
"29","Relapse: Refill","album","2009-05-15"
"29","Relapse [Deluxe]","album","2009-05-15"
"29","Relapse","album","2009-05-15"
"29","Encore (Deluxe Version)","album","2004-11-12"
"29","The Eminem Show","album","2002-05-26"
"29","The Marshall Mathers LP","album","2001-08-20"
"29","The Slim Shady LP (Expanded Edition)","album","1999-02-23"
"29","The Slim Shady LP","album","1999-02-23"
"30","Reflecting The Mystery (Live)","album","2024-11-13"
"30","Euphoria (Live 1993)","album","2022-05-12"
"30","A View From The Top Of The World","album","2021-10-22"
"30","Distant Memories - Live in London (Bonus Track Edition)","album","2020-11-27"
"30","Lost Not Forgotten Archives: Live in Berlin (2019)","album","2019-06-27"
"30","Distance Over Time (Bonus track version)","album","2019-02-22"
"30","Lost Not Forgotten Archives: Distance Over Time Demos (2018)","album","2018-06-01"
"30","Lost Not Forgotten Archives: Images and Words - Live in Japan, 2017","album","2017-09-11"
"30","Lost Not Forgotten Archives: ...and Beyond - Live in Japan, 2017","album","2017-09-11"
"30","The Astonishing","album","2016-01-29"
"30","Lost Not Forgotten Archives: Live at Wacken (2015)","album","2015-07-31"
"30","Breaking the Fourth Wall (Live at the Boston Opera House, Boston, MA, 3/25/2014)","album","2014-09-26"
"30","Dream Theater","album","2013-09-16"
"30","Lost Not Forgotten Archives: A Dramatic Tour of Events - Select Board Mixes (Live)","album","2011-12-04"
"30","A Dramatic Turn of Events","album","2011-08-25"
"30","Lost Not Forgotten Archives: Live at Madison Square Garden (2010)","album","2010-07-12"
"30","Black Clouds & Silver Linings","album","2009-06-19"
"30","Black Clouds & Silver Linings (Special Edition)","album","2009-01-01"
"30","Chaos in Motion 2007 - 2008","album","2008-09-20"
"30","Systematic Chaos","album","2007-06-04"
"31","The Beatles 1967 – 1970 (2023 Edition)","album","2023-11-10"
"31","The Beatles 1962 – 1966 (2023 Edition)","album","2023-11-10"
"31","Revolver (Super Deluxe)","album","2022-10-28"
"31","Get Back (Rooftop Performance)","album","2022-01-28"
"31","Let It Be (Super Deluxe)","album","2021-10-15"
"31","Abbey Road (Super Deluxe Edition)","album","2019-09-27"
"31","The Beatles","album","2018-11-09"
"31","Live At The Hollywood Bowl","album","2016-09-09"
"31","Yellow Submarine Songtrack","album","2014-01-01"
"31","Let It Be... Naked (Remastered)","album","2014-01-01"
"31","On Air - Live At The BBC (Vol.2)","album","2013-11-11"
"31","Live At The BBC (Remastered)","album","1994-11-30"
"31","Let It Be (Remastered)","album","1970-05-08"
"31","Abbey Road (Remastered)","album","1969-09-26"
"31","Yellow Submarine (Remastered)","album","1969-01-17"
"31","The Beatles (Remastered)","album","1968-11-22"
"31","Magical Mystery Tour (Remastered)","album","1967-11-27"
"31","Sgt. Pepper's Lonely Hearts Club Band (Remastered)","album","1967-06-01"
"31","Sgt. Pepper's Lonely Hearts Club Band (Deluxe Edition)","album","1967-06-01"
"31","Sgt. Pepper's Lonely Hearts Club Band (Super Deluxe Edition)","album","1967-05-26"
"32","Paradise State of Mind","album","2024-08-16"
"32","Torches X (Deluxe Edition)","album","2021-11-12"
"32","Sacred Hearts Club","album","2017-07-21"
"32","Supermodel","album","2014-03-14"
"32","Torches","album","2011-05-23"
"32","Lost In Space (Mochakk Remix)","album","2024-11-01"
"32","Lost In Space (PNAU Remix)","album","2024-09-27"
"32","Chasing Low Vibrations","album","2024-07-26"
"32","Take Me Back","album","2024-06-26"
"32","Lost In Space","album","2024-05-31"
"32","Lost In Space (Radio Edit)","album","2024-05-28"
"32","Pumped Up Kicks (Gus Dapperton Version)","album","2021-11-10"
"32","Hyperlandia","album","2021-10-29"
"32","Lamb's Wool (with Poolside)","album","2021-03-26"
"32","Melody & Silence","album","2021-03-19"
"32","All About You (feat. Foster The People) [THAT KIND Remix]","album","2021-03-12"
"32","All About You (feat. Foster The People) [The Knocks VIP Mix]","album","2021-03-05"
"32","All About You (feat. Foster The People) [Equal Remix]","album","2021-02-12"
"32","In The Darkest Of Nights, Let The Birds Sing","album","2020-12-11"
"32","All About You (feat. Foster The People) [Sunset Version]","album","2020-11-27"
"33","Neon Pill","album","2024-05-17"
"33","Social Cues","album","2019-04-19"
"33","Unpeeled","album","2017-07-28"
"33","Tell Me I'm Pretty","album","2015-12-18"
"33","Melophobia","album","2013-10-08"
"33","Live From The Vic In Chicago","album","2012-01-17"
"33","Thank You Happy Birthday","album","2011-01-10"
"33","Metaverse","album","2024-05-03"
"33","Good Time","album","2024-04-05"
"33","Out Loud","album","2024-02-29"
"33","The Unforgiven","album","2021-09-10"
"33","Skin and Bones","album","2020-11-20"
"33","Broken Boy (feat. Iggy Pop)","album","2020-01-23"
"33","Goodbye / Ready To Let Go / Night Running / House of Glass","album","2019-04-08"
"33","Night Running","album","2019-03-28"
"33","House Of Glass","album","2019-03-08"
"33","Ready To Let Go","album","2019-01-31"
"33","Spotify Singles","album","2017-08-23"
"33","Deep Hands: Live Session","album","2014-10-06"
"33","Back Against The Wall","album","2009-11-10"
"34","Dünya","album","2024-06-20"
"34","Yok Olmak","album","2024-03-26"
"34","Niye Diye Sorma","album","2024-02-15"
"34","Kötü Hikaye","album","2023-11-10"
"34","Dert Olmasın Diye","album","2023-03-31"
"34","Uyu","album","2022-07-22"
"34","Çıplak","album","2021-03-19"
"34","Uzaktan","album","2020-09-16"
"34","Gözün Doysun","album","2020-07-10"
"34","Unutmam Lazım (Dans Versiyon)","album","2020-05-22"
"34","Unutmam Lazım","album","2020-04-15"
"34","Sen Istersin (Fatih Basoglu Remix)","album","2019-11-16"
"34","Kayboluyorum (educatedear Remix)","album","2019-11-16"
"34","Kayboluyorum (Moawk Remix)","album","2019-11-16"
"34","Ara (Kerkayas Remix)","album","2019-11-16"
"34","Ara","album","2019-06-14"
"34","Gitme","album","2019-03-29"
"34","Bul Beni (Akustik)","album","2018-08-06"
"34","Günler Kısa","album","2018-02-12"
"34","Kayboluyorum (Süt)","album","2017-12-01"
"35","Starcatcher","album","2023-07-21"
"35","The Battle at Garden’s Gate","album","2021-04-16"
"35","Anthem Of The Peaceful Army","album","2018-10-19"
"35","From The Fires","album","2017-11-10"
"35","The Falling Sky","album","2023-06-27"
"35","Farewell For Now","album","2023-06-09"
"35","Sacred The Thread","album","2023-05-19"
"35","Meeting The Master","album","2023-04-07"
"35","Broken Bells","album","2021-03-19"
"35","Always There","album","2019-09-06"
"35","Spotify Singles","album","2018-01-24"
"35","Classic Covers","album","2019-12-13"
"35","Indie Covers","album","2019-09-13"
"35","Rock Motivation","album","2018-03-16"
"35","Tunes That Stick Vol 18","album","2023-04-14"
"35","Rock Playlist","album","2021-03-26"
"35","Chill Rock","album","2021-04-26"
"35","Indie Alternative","album","2020-04-10"
"35","Acoustic Alternative","album","2021-07-09"
"35","Halloween Rockero","album","2023-10-20"
